key_words,descriptons
Круг Вышивка Без застежки Фетр Россия Грелка на чайник Сочная красная клубника Фабричное производство грелка,Грелка на чайник Традиционная русская чайная церемония не терпит суеты поэтому важно чтобы содержимое ё мкости оставалось горячим как можно дольше Для этого и применяется кухонная грелка декоративная текстильная кукла которая предназначена для сохранения тепла в заварном приспособлении самоваре или кастрюльке Ещё одна причина использования такого симпатичного кухонного аксессуара связана с тем что чай можно довести до кипения не на огне а используя грелку Под ней чай сохраняет своего аромата листья раскрываются и температура остаё тся высокой долгое время Если вам требуется поддержать температуру приготовленного блюда пока домашние не соберутся за столом то накройте кастрюльку с едой тканевой грелкой И пища ещё долго будет сохранять тепло
Квадрат Животные Без застежки отсутствует Россия Хлопок Грелка на чайник Жизнь прекрасна Фабричное производство,Грелка на заварной чайник незаменимая вещь на каждой кухне Отличный подарок для любой домохозяйки
Квадрат Животные Без застежки Хлопок отсутствует Россия Грелка на чайник Кот на крыше Фабричное производство Грелка на чайник Питерские Коты Кот на крыше штука,Грелка на чайник Питерские Коты Кот на крыше будет незаменимым аксессуаром на любой кухне и прекрасным подарком любой домохозяйке
Квадрат Дракон Без застежки Хлопок отсутствует Россия Грелка на чайник Летящий Дракончик Грелка Летящий Дракончик Фабричное производство Грелка на чайник Летящий Дракончик штука,Грелка на заварной чайник незаменимая вещь на каждой кухне Отличный подарок для любой домохозяйки
Круг Художественная печать Без застежки Россия Хлопок Лен Грелка на чайник Светло серый Фабричное производство Грелка на чайник шт,Грелка на чайник Грелка на чайник х см Совушки станет приятным дополнением сервировки стола Грелка для чайника универсальный помощник на вашей кухне а также прекрасный подарок Подойдет для использования как грелки для чайника так и для любой другой кухонной посуды С внутренней стороны грелка выполнена из хлопка наполнитель синтепон
Квадрат Цветы Без застежки Хлопок отсутствует Россия Грелка на чайник Весенний натюрморт Фабричное производство Грелка на чайник Ля Рошель Весенний натюрморт штука,Грелка на заварной чайник незаменимая вещь на каждой кухне Отличный подарок для любой домохозяйки
Круг эффект Еда  напитки Без застежки Россия Фетр Грелка на чайник Яркий апельсин Фабричное производство грелка,Грелка на заварочный чайник Традиционная русская чайная церемония не терпит суеты поэтому важно чтобы содержимое ё мкости оставалось горячим как можно дольше Для этого и применяется кухонная грелка декоративная текстильная кукла которая предназначена для сохранения тепла в заварном приспособлении самоваре или кастрюльке Ещё одна причина использования такого симпатичного кухонного аксессуара связана с тем что чай можно довести до кипения не на огне а используя грелку Под ней чай сохраняет своего аромата листья раскрываются и температура остаё тся высокой долгое время Если вам требуется поддержать температуру приготовленного блюда пока домашние не соберутся за столом то накройте кастрюльку с едой тканевой грелкой И пища ещё долго будет сохранять тепло
Квадрат Звезды Без застежки Хлопок отсутствует Россия Грелка на чайник Зв зды на сером Грелка Куроч Зв зды на сером Фабричное производство Грелка на чайник Курочка зв зды на сером штука,Грелка на чайник Курочка будет незаменимым аксессуаром на любой кухне Прекрасный подарок любой домохозяйке
Квадрат Животные Без застежки отсутствует Россия Хлопок Грелка на чайник Живи  кайф Фабричное производство Грелка на чайник Кошачьи тайны Живи  кайф штука,Отличный креативный и практичный подарок любимой Маме Бабушке коллеге
Квадрат Животные Без застежки отсутствует Россия Хлопок Грелка на чайник Кот  дома Фабричное производство Грелка на чайник Питерские Коты Кот  дома штука,Грелка на чайник Кот у дома будет незаменимым аксессуаром на любой кухне и прекрасным подарком любой домохозяйке Отличный креативный и практичный подарок любимой Маме Бабушке подруге
Квадрат Животные Кот кот нок Без застежки Хлопок отсутствует Россия Грелка на чайник Комплект Жизнь прекрасна Наб Грел Фарт жизнь прекр Фабричное производство,С наступающим Новым Годом Кота Отличный креативный и практичный подарок любимой Маме Бабушке подруге
Квадрат Горох Без застежки отсутствует Россия Хлопок Грелка на чайник Серый  горошек Грелка Курочка серая горох Фабричное производство Грелка на чайник Курочка серая  горошек штука,Грелка на чайник Курочка будет незаменимым аксессуаром на любой кухне и прекрасным подарком любой домохозяйке
Квадрат Цветы Без застежки Хлопок отсутствует Россия Грелка на чайник Комплект Голубые васильки Набор пр Грелка Фарт Васильки Фабричное производство,Кухонный комплект грелка с фартуком будет прекрасным позитивным и креативным подарком Маме Бабушке Подруге
Квадрат Абстракция Вензеля Без застежки отсутствует Россия Хлопок Грелка на чайник Золотые вензеля Грелка Золотые вензеля  Фабричное производство Грелка на чайник штука,Грелка на чайник Золотые вензеля будет оригинальным практичным украшением на любой кухне
Квадрат Хохлома Без застежки отсутствует Россия Хлопок Грелка на чайник Хохлома  мная Грелка Куроч Хохлома  мн Фабричное производство Грелка на чайник Курочка хохлома  мная штука,Грелка на чайник Курочка будет незаменимым аксессуаром на любой кухне Прекрасный подарок любой домохозяйке
Круг Россия Хлопок Синтепон Полиэстер Грелка на чайник Зеленый дракон Ручная авторская работа грелка на чайник шт,Сказочный дракон грелка на чайник Символ года Грелка на чайник авторский дизайн размер снаружи х см размер внутри х см Состав хлопок полиэстер ткань хлопок плотность г м Эта Грелка выполненная по мотивам русских народных сказок органично впишется как в тематическом кафе ресторане так и дома на кухне
Квадрат Цветы Без застежки отсутствует Россия Хлопок Грелка на чайник Тюльпаны Фабричное производство Грелка на чайник Ля Рошель Тюльпаны штука,Грелка на заварной чайник незаменимая вещь на каждой кухне Отличный подарок для любой домохозяйки
Квадрат Цветы Без застежки Хлопок отсутствует Россия Грелка на чайник Маки Грелка Куроч Маки Фабричное производство Грелка на чайник Курочка маки штука,Грелка на чайник Курочка будет незаменимым аксессуаром на любой кухне Прекрасный подарок любой домохозяйке
Квадрат Узоры Без застежки отсутствует Россия Хлопок Грелка на чайник Вязаный узор Грелка Курочка Вязаный узор Фабричное производство Грелка на чайник Курочка Вязаный узор штука,Грелка на чайник Курочка будет незаменимым аксессуаром на любой кухне и прекрасным подарком любой домохозяйке
Квадрат Животные Кот кот нок Без застежки отсутствует Россия Хлопок Грелка на чайник Комплект Живи  кайф Наб Грел Фарт кайф Фабричное производство,С наступающим Новым Годом Кота Отличный креативный и практичный подарок любимой Маме Бабушке подруге
Квадрат Птицы Без застежки Хлопок отсутствует Россия Грелка на чайник Красный  горошек Грелка Курочка красн горох Фабричное производство Грелка на чайник Курочка красная  горошек штука,Грелка на чайник Курочка будет незаменимым аксессуаром на любой кухне Прекрасный подарок любой домохозяйке
Квадрат Цветы Без застежки Хлопок отсутствует Россия Грелка на чайник Герберы Грелка Куроч Герберы Фабричное производство Грелка на чайник Курочка герберы штука,Грелка на чайник Курочка будет незаменимым аксессуаром на любой кухне Прекрасный подарок любой домохозяйке
Квадрат Птицы Без застежки отсутствует Россия Хлопок Грелка на чайник Клеточка  рная Грелка Курочка черн клетка Фабричное производство Грелка на чайник Курочка  рная клеточка штука,Грелка на чайник Курочка будет незаменимым аксессуаром на любой кухне и прекрасным подарком любой домохозяйке
Квадрат Сердечки Без застежки отсутствует Россия Хлопок Грелка на чайник Сердечки Грелка Куроч Сердечки Фабричное производство Грелка на чайник Курочка Сердечки штука,Грелка на чайник Курочка будет незаменимым аксессуаром на любой кухне Прекрасный подарок любой домохозяйке
Квадрат Узоры Без застежки отсутствует Россия Хлопок Грелка на чайник Хохлома Грелка Курочка Хохлома желтая Фабричное производство Грелка на чайник Курочка хохлома штука,Грелка на чайник Курочка будет незаменимым аксессуаром на любой кухне и прекрасным подарком любой домохозяйке
Квадрат Цветы Без застежки отсутствует Россия Хлопок Грелка на чайник Комплект Ромашки Набор пр Грелка Фарт Ромашки Фабричное производство,Кухонный комплект грелка с фартуком будет прекрасным позитивным и креативным подарком Маме Бабушке Подруге
Квадрат Горох Без застежки Хлопок отсутствует Россия Грелка на чайник Горошек на синем Грелка Куроч Горошек на синем Фабричное производство Грелка на чайник Курочка горошек на синем штука,Грелка на чайник Курочка будет незаменимым аксессуаром на любой кухне и прекрасным подарком любой домохозяйке
Квадрат Животные Без застежки Хлопок отсутствует Россия Грелка на чайник Комплект Кот  дома Наб Грел Фарт кот дом Фабричное производство,С наступающим Новым Годом Кота Отличный креативный и практичный подарок любимой Маме Бабушке подруге
Квадрат Птицы Без застежки Хлопок отсутствует Россия Грелка на чайник Цветы на синем Грелка Курочка цветы син Фабричное производство Грелка на чайник Курочка цветы на синем штука,Грелка на чайник Курочка будет незаменимым аксессуаром на любой кухне и прекрасным подарком любой домохозяйке
Квадрат Цветы Без застежки отсутствует Россия Хлопок Грелка на чайник Комплект Колокольчики Набор пр Грелка Фарт Колокольчики Фабричное производство,Кухонный комплект грелка с фартуком будет прекрасным позитивным и креативным подарком Маме Бабушке Подруге
Квадрат Цветы Без застежки отсутствует Россия Хлопок Грелка на чайник Пионы Фабричное производство Грелка на чайник Ля Рошель Букет пионов штука,Грелка на заварной чайник незаменимая вещь на каждой кухне Отличный подарок для любой домохозяйки
Квадрат Ромб Без застежки отсутствует Россия Хлопок Грелка на чайник Синие ромбы Грелка Курочка син ромбы Фабричное производство Грелка на чайник Курочка синие ромбы штука,Грелка на чайник Курочка будет незаменимым аксессуаром на любой кухне Прекрасный подарок любой домохозяйке
Квадрат Клетка Без застежки отсутствует Россия Хлопок Грелка на чайник Синяя  полосочку Грелка Куроч Синяя  полосочку Фабричное производство Грелка на чайник Курочка синяя  полосочку штука,Грелка на чайник Курочка будет незаменимым аксессуаром на любой кухне Прекрасный подарок любой домохозяйке
Квадрат Цветы Без застежки Хлопок отсутствует Россия Грелка на чайник Комплект Ьюльпаны Набор пр Грелка Фарт Тюльпаны Фабричное производство,Кухонный комплект грелка с фартуком будет прекрасным позитивным и креативным подарком Маме Бабушке Подруге
Круг Розы Россия Хлопок Синтепон Полиэстер Грелка на чайник Матрешки  розочках Ручная авторская работа грелка на чайник шт,Матрешки Грелка на чайник Грелка на чайник авторский дизайн размер снаружи х см размер внутри х см Состав хлопок полиэстер ткань хлопок плотность г м Эта Грелка выполненная в русском стиле органично впишется как в тематическом кафе ресторане так и дома на кухне
Квадрат Цветы Без застежки Хлопок отсутствует Россия Грелка на чайник Комплект Пионы Набор пр Грелка Фарт Букет пионов Фабричное производство,Кухонный комплект грелка с фартуком будет прекрасным позитивным и креативным подарком Маме Бабушке Подруге
Круг Хлопок Синтепон Полиэстер Россия Грелка на чайник Матрешки на озере Ручная авторская работа грелка на чайник шт,Матрешки Грелка на чайник Грелка на чайник авторский дизайн размер снаружи х см размер внутри х см Состав хлопок полиэстер ткань хлопок плотность г м Эта Грелка выполненная в русском стиле органично впишется как в тематическом кафе ресторане так и дома на кухне
Лист Узоры Без застежки Хлопок Текстиль Россия Грелка на чайник Хохлома Фабричное производство Грелка на чайник,Аннотация Традиционная русская чайная церемония не терпит суеты поэтому важно чтобы содержимое ё мкости оставалось горячим как можно дольше Для этого и применяется кухонная грелка декоративная текстильная кукла которая предназначена для сохранения тепла в заварном приспособлении самоваре или кастрюльке Ещё одна причина использования такого симпатичного кухонного аксессуара связана с тем что чай можно довести до кипения не на огне а используя грелку Под ней чай сохраняет своего аромата листья раскрываются и температура остаё тся высокой долгое время Если вам требуется поддержать температуру приготовленного блюда пока домашние не соберутся за столом то накройте кастрюльку с едой тканевой грелкой И пища ещё долго будет сохранять тепло
Круг Розы Россия Хлопок Синтепон Полиэстер Грелка на чайник Матрешки  розочках Ручная авторская работа грелка на чайник шт,Матрешки Грелка на чайник Грелка на чайник авторский дизайн размер снаружи х см размер внутри х см Состав хлопок полиэстер ткань хлопок плотность г м Эта Грелка выполненная в русском стиле органично впишется как в тематическом кафе ресторане так и дома на кухне
