tags,texts
microsoft учебные материалы разработка гибкие методологии xna xna game studio aspnet параллельное программирование многоядерность командная работа visual studio visual studio ,"Библиотека учебных курсов пополнилась новыми курсами и книгами:

Технология разработки программных систем
Основы разработки компьютерных игр в XNA Game Studio
Разработка веб-приложений на ASP.NET
Параллельное программирование для многоядерных процессоров
Командная разработка с использованием Visual Studio Team Foundation Server
Знакомство с Microsoft Visulal Studio Team System 2008
Гибкая методология разработки программного обеспечения
Под катом описания и ссылки.

Технология разработки программных систем, А.В. Гаврилов

Курс дает базовые сведения по технологии разработки программных систем. Подробно рассматриваются модели и дисциплины Microsoft Solution Framework (MSF). Основной упор делается на использование полученных теоретических знаний при реализации конкретного программного проекта. На примере Visual Studio Team System (VSTS) демонстрируется использование инструментальной среды командной разработки. Полученные навыки позволяют проводить проектирование, анализ и реализацию прикладного программного обеспечения на основе современных методов промышленной разработки.

 Программа курса (245 КБ)  Структура курса (3,9 МБ) 
 Лекция 1 (6,1 МБ)  Лекция 2 (6,1 МБ)  Лекция 3 (4,2 МБ)  Лекция 4 (3,7 МБ) 
 Лекция 5 (2,6 МБ)  Лекция 6 (3,6 МБ)  Лекция 7 (1,7 МБ)  Лекция 8 (4,4 МБ) 
 Лекция 9 (2,7 МБ)  Лекция 10 (1,6 МБ)

 

Основы разработки компьютерных игр в XNA Game Studio, Ю.В.Дашко, А.А.Заика, ИУБиП

Курс посвящен основным методам разработки компьютерных игр в XNA Game Studio 2.0., разработке документации и реализации самостоятельных игровых проектов. Он предназначен для C#-программистов (студентов специальности «Прикладная информатика»). Курс реализован в виде дисциплины регионального компонента учебного плана указанной специальности.

 Readme (578 байт)  Описание курса (200 КБ)  Лекции (831 КБ) 
 Семинары (10 КБ) 
 Лабораторные — ч.1 (3,5 МБ)  Лабораторные — ч.2 (7,7 МБ) 
 Лабораторные — ч.3 (5,5 МБ)  Лабораторные — ч.4 (5,1 МБ)

 

Разработка веб-приложений на ASP.NET, Г.Магдануров, Microsoft

Курс рассчитан на разработчиков, не имеющих опыта использования ASP.NET. В качестве языка программирования используется C#. Для изучения тренинга желательно знать основы HTML/JavaScript, иметь базовые представления о веб-приложениях и иметь опыт написания программ на C-подобных языках.

 Часть 1 (922 КБ)  Часть 2 (1,2 МБ)

 

Параллельное программирование для многоядерных процессоров, Ю.Сердюк, А.Петров

Данный учебный курс ориентирован на изучение и практическое применение современных высокоуровневых средств параллельного программирования для многоядерных процессоров – библиотеки Microsoft Parallel FX и языка программирования MC#. Использование таких средств, с промышленной точки зрения, резко повышает производительность и продуктивность работы программистов и позволяет привлечь к регулярному параллельному программированию значительно большее число программистов, а с образовательной точки зрения, дает возможность их успешно изучать и осваивать студентам вузов, начиная со 2-го курса.

 Лекции (835 КБ)  Семинары (507 КБ)

 

Командная разработка с использованием Visual Studio Team Foundation Server, Дж.Д. Мейер, Джейсон Тейлор, Алекс Макман, Прашант Бансод, Кевин Джонс

Справочник посвящен развертыванию Team Foundation Server и его эффективному использованию для управления исходным кодом, автоматизации сборок, управления рабочими элементами и процессами. Цель создания этого справочника — предоставить ресурсы, рекомендации и советы по созданию эффективной среды для командной разработки ПО всем, кто так или иначе вовлечен в эту деятельность.

 Книга (4,1 МБ)

Знакомство с Microsoft Visulal Studio Team System 2008, А.Федоров

Visual Studio Team System 2008 продолжает развитие семейства продуктов для управления всем жизненным циклом создания приложений и содержит новые и улучшенные средства, процессы и руководства, которое помогут улучшить совместную командную работу и сделать ее более эффективной. Инструменты, входящие в состав Visual Studio Team System 2008, позволяют наладить более эффективные коммуникации между членами проектной группы и заказчиками, наладить эффективную совместную работу, обеспечить ожидаемое заказчиками качество кода, используя расширенные средства контроля качества, получить представление об активностях в рамках проекта и приоритетах, которые позволят принимать решения, основываясь на данных, предоставляемых в реальном времени.

 Книга (618 КБ)

Гибкая методология разработки программного обеспечения, Microsoft

Данное руководство посвящено методологии разработки программного обеспечения Microsoft Solutions Framework for Agile Software Development корпорации Microsoft. Эта методология описывает подход и организацию работы при создании программных продуктов и, в отличие от более масштабной и абстрактной системы Microsoft Solutions Framework, сразу готова к применению. Руководство предназначено для менеджеров проектов, а также для разработчиков, аналитиков, тестеров, архитекторов и, возможно, других участников команды разработчиков.

 Книга (1,9 МБ)"
HTC HTC Bravo HTC Legend HTC Salsa HTC Tide HTC Buzz HTC Photon HTC Trophy HTC Tera Android Windows Mobile,"Совсем недавно на презентации, которую организовала HTC для представителей T-Mobile, произошла утечка информации о планах HTC на следующий год.

Итак, вся продуктовая линейка HTC будет разделена на несколько категорий:

Design / Lifestyle — смартфоны, ориентированные на молодежный сегмент рынка: HTC Legend, HTC Salsa.
Social — молодежные смартфоны, ориентированные на тесную интеграцию с социальными сетями (Twitter, Facebook, Flickr): HTC Tide, HTC Buzz. 
Performance  — смартфоны, у которых тысячи лошадей под капотом: HTC Bravo.
Productivity  — смартфоны на Windows Mobile, расчитанные на бизнес-сегмент: HTC Photon, HTC Trophy, HTC Tera (римейк Touch Pro2).


По словам Эльдара Муртазина, в данном роадмапе отсутствует пара ключевых аппаратов HTC, как, например, HTC Espresso, или 10 дюймовый Tablet HTC Halo под управлением Android'а.

Перейдем к описанию самого ожидаемого смартфона на Хабрахабре. 


HTC Bravo — первый Android-смартфон компании, который основан на гигагерцевом процессоре Qualcomm Snapdragon QSD8250, способен записывать HD-видео в формате 720p, обладает 512 Мб ROM, и 256 RAM (по слухам, размер RAM будет увеличен до 512 Мб). Также в комплекте имеется карта памяти MicroSD на 16 Гб и аккумулятор емкостью 1400 мА/ч. В качестве дисплея используется AMOLED 3.7"" с емкостным тач-скрином. Ждать осталось недолго, дата запуска — апрель 2010! Отличный противник для XPeria X10.


HTC Legend — еще один Android-девайс, который может похвастаться металлической рамкой и толщиной всего — 11.4 мм. Его характеристики более скромны, нежели у Bravo: 600 МГц Qualcomm MSM7227 в качестве процессора, 3.2"" емкостной дисплей, 512 Мб ROM, 256 Мб RAM. Судя по форме, в марте нас ждет еще один побратим HTC Hero!


HTC Salsa — подарок любителям Blackberry-фонов и Android одновременно. Salsa — это чудного вида моноблок с qwerty-клавиатурой и совсем крохотным (по современным меркам) резистивным дисплеем 2.6"". Сердцем смартфона служит Qualcomm MSM7225 528 МГц. Также вполне стандартные 512 Мб RAM и 256 Мб ROM — при нем. Дата выхода — июнь 2010.


HTC Tide — это вовсе не брендированный для HTC стиральный порошок, а новый Android-смартфон, расчитанный на любителей социальных сетей типа Twitter, Facebook, Plurk, Flickr и т.д. По характеристикам телефон схож с HTC Salsa: Qualcomm MSM7225 528 МГц, 512 Мб RAM и 256 Мб ROM. Дисплей — 2.68"" QVGA с резистивным тачскрином. Дата выхода — апрель 2010.


HTC Buzz — новая инкарнация HTC Tattoo, только на этот раз куда более симпатичная, очень тонкая (11 мм), а также с емкостным 3.2"" тач-скрин дисплеем. Прочие характеристики: Qualcomm MSM7225 528 МГц, 512 Мб RAM и 256 Мб ROM. Любители подчеркнуть свою индивидуальность с помощью аксессуаров получат новую игрушку в мае 2010.


HTC Photon — логичное продолжение серии HTC Diamond, HTC Touch Diamond 2, но на этот раз значительно более усовершенствованное, а именно: в глаза бросается дизайн, схожий с HTC HD2. Также аппарат будет оснащен 3.2"" емкостным HVGA дисплеем, процессором Qualcomm MSM7227 600 МГц, 512 Мб RAM, 256 Мб ROM. Также впечатляет толщина смартфона — всего 10.9 мм. Ждать осталось недолго — апрель 2010!


HTC Trophy — еще одно покушение на рынок Blackberry, но на этот раз смартфон будет работать под управлением Windows Mobile 6.5. Также стоит отметить приятный дизайн в стиле HTC HD2, 3"" емкостной VGA дисплей. Остальные характеристики стандартны: Qualcomm MSM7227 600 МГц, 512 Мб RAM, 256 Мб ROM. Стоить отметить, что все телефона HTC значительно похудели: толщина HTC Trophy — 11 мм. Премьера — май 2010.


HTC Tera — не более чем римейк HTC Touch Pro 2, только на этот раз меньше, тоньше и стильнее. Qualcomm MSM7227 600 МГц, 512 Мб RAM, 256 Мб ROM, также в комплекте резистивный 3.2 WQVGA дисплей, полноценная qwerty клавиатура, но самое главное — толщина 15 мм! Дата выхода — апрель 2010.


Стоит добавить, что HTC HD2 будет флагманом в линейке продуктов HTC на протяжении всего 2010 года, т.е. делая покупку сейчас, не прийдется кусать локти через 3 месяца :) HTC медленно избавлятся от Windows Mobile телефонов отводя им сегмент бизнес-рынка, а все основные нишы занимает Android. Гики же принялись копить на HTC Bravo, впрочем, и я тоже :)

HTC проделали огромную работу и кажется постарались утереть нос всем: и Samsung с AMOLED дисплеями, и Blackberry с qwerty-моноблоками, и Apple с гигагерцевыми процессорами и поддержкой OpenGL ES 2.0. 

Источник: xda-developers.com
Официальную информацию всегда можно получить посредством твиттера HTC-Россия: twitter.com/HTC_Ru"
mwc skype samsung nokia se opera apple iphone microsoft WinMo appstore motorola adobe вымпелком htc OneAPI Vodafone MeeGo xbox wp,"

Далекий февраль 2007 г.

Семь долгих дней, проведенных на улицах Барселоны без единого евро-цента в кармане. Жизнь на Ла-Рамбла; афроамериканские drug-диллеры; девушки несерьезного поведения; аборигены, которые ничего не понимают на английском; самая культурная в мире полиция, апельсины на деревьях… Сотни дорог истоптали — тысячи ведали тяжких путей! Однако затем — получение пресс-аккредитации, проход внутрь и погружение в настоящее бурление мирового телекома! Все это возможно только в одном месте мира: Испания, Барселона, февраль, Mobile World Congress.

Итак, прямо сейчас начинается самое интересное событие в году для всей мобильной индустрии. Почти 100 тыс. человек собираются в одном месте, чтобы показать свои лучшие разработки, заложить тренды на год вперед и конечно же потешить нас новинками и анонсами. Ну, а поскольку они там, а мы здесь, нет повода за ними реально не последить:

Официальный сайт мероприятия: mobileworldcongress.com

Спец. проект от организаторов mobileworldlive.com (там есть смысл зарегистрироваться)
Брошюра с полной информацией по конгрессу и расписанием событий: .PDF (6.8 Mb), без регистрации

Прямые включения на Engadget: engadget.com/tag/liveblog
Тематические публикации на Gizmodo
Специальный раздел на Mobile-review + 4 первых статьи (введение, Samsung Wave, Bada, HTC Smart)
Трансляция на Content-review
MWC глазами геймеров

Твиттер:

twitter.com/gsmworld — официальная тви-лента + хештеги: #MWC, #MWC10, #MWC2010
twitter.com/mobileworldlive — лента анонсов mobileworldlive.com
twitter.com/ShowDaily — ежедневная газета выходящая на конференции

наши люди, находящиеся на месте:  alex_exler,  @bazilisa,  derloos,  @dryab,  eldarmurtazin,  goncharow,  iBubelo,  olyapka,  plushev,  playd,  @symsymsym,  taranenko,  @technoslav,  turubar 

Видео:

Прямые трансляции на qik.com
Старый, добрый YouTube
Поток от Mobile World Live TV on TelecomTV — видео с панельных дискуссий и официальных мероприятий

Что «горячего» нас ждет?

Opera проведет закрытый показ Opera Mini на jailbreak iPhone — браузер в 5 раз быстрее чем Safari
Демонстрация Windows Mobile 7 Series (который будет дружить с XBOX Live!) + анонс даты выпуска + промо-сайт
Samsung покажет Wave (S8500) + Bada — да да, Wave, а не Google Wave и Bada, а не байда
MOTOROI и MOTOAURA от сами знаете кого
Skype окончательно интегрируется в Nokia N-series + совместный проект с Veziron
Sony Ericsson покажет миру Vivaz pro
Премьера таблетки Notion Ink Adam 
SIMFi = сим-карта + Wi-Fi в одном флаконе
Анонс нового AppStore от 24 крупнейших мобильных операторов (от России участвует Вымпелком)
Adobe обещает Flash и AIR для Android + непонятная пока активность в альянсе с Microsoft
Презентация OneAPI от GSMA — легкого универсального API для создания web-приложений интегрирующихся в системы мобильных операторов (IMS^2 ???)
Vodafon 150 — первый мобильный телефон за 15$ для развивающихся рынков (Африка)
Nokia и Intel сливаются в творческом экстазе MeeGo
Symbian OS 3

Опера троллит Apple уже на уровне аэропорта — какие же молодцы!



via plushev.com + развитие сюжета на intomobile.com

UPD: топик обновляется, отписываем в комментариях новые актуальные ссылки и темы"
HP; HP ProLiant ProLiant G ML DL BL SL HP ProLiant SL сверхмасштабируемость высоконагруженные системы фронтальный веб-сервер Intel Xeon  AMD Opteron  Series,"В 1993 году на рынке впервые появились серверы HP ProLiant, разработанные на основе архитектуры x86. Семейство ProLiant пополнялось новыми линейками по мере того, как росла сфера применения таких устройств. До недавнего времени можно было выбрать: линейку ML – башенные серверы, которые вы как правило покупаете поштучно; DL – стоечные машины для серьезных задач, несколько которых вы покупаете с большим заделом на будущее; и BL – заполнив стойку десятком таких блейдов, вы всегда сможете добавить в нее еще, если запросы возросли.

Но в последние годы BL и их аналоги использовались и в том случае, когда запросы возрастают в десятки и сотни раз – в веб-поисковиках, больших СУБД и научных суперкомпьютерах. И хотя в конструкции этих серверов применяются различные технологии, обеспечивающие уменьшение энергопотребления и компактное размещение внутренних компонентов, тем не менее при эксплуатации комплексов из нескольких тысяч вычислительных узлов даже небольшая экономия мощности и сокращение габаритов на уровне одного сервера давала бы значительный экономический эффект.

Поэтому HP специально разработала линейку HP ProLiant SL6000, в которой вместо стандартного стоечного корпуса применен новый форм-фактор. Наша новая система использует двухюнитовое шасси z6000, в котором несколько серверов обслуживают общие источники питания и вентиляторы. По сравнению с обычными одноюнитовыми серверами энергопотребление сокращается на 28%, а общий вес серверной стойки – на 31%. Подобное решение используется и в шасси BladeSystem для линейки BL, но в z6000 нет общей объединительной панели, за счет чего улучшается воздушное охлаждение внутри шасси.

Как и в других системах HP ProLiant шестого поколения, в зависимости от конфигурации оборудования в z6000 можно использовать три модели источника питания: на 460, 750 и 1200 Вт. Для упрощения развертывания больших конфигураций пять SL6000 можно устанавливать в одном 10-юнитовом блоке bulk rail kit.

В z6000 устанавливаются три типа одноюнитовых двухпроцессорных серверных модулей ProLiant SL на базе Xeon 5500:

HP ProLiant SL170z разработан для приложений, связанных с хранением данных. Например, для поисковиков и СУБД. Он вмещает 6 полноразмерных дисков SAS/SATA и 16 модулей памяти DDR3 SIM.
HP ProLiant SL2x170z предназначен для суперкомпьютерных расчетов и обслуживания фронтальных web-приложений. По ширине он занимает половину 19-дюймовой стойки, поэтому в двухюнитовое шасси z6000 устанавливаются четыре модуля SL2x170z, что обеспечивает удвоение плотности размещения процессорной мощности по сравнению с обычными одноюнитовыми серверами. Эта модель также поддерживает установку 16 модулей памяти DDR3 SIM, но в ней можно разместить только один 3,5-дюймовый винчестер.
HP ProLiant SL160z, рассчитанный на работу с приложениями, связанными с интенсивным использованием оперативной памяти (например, с кэшированием web-страниц), оборудован 18 слотами для модулей памяти и двумя слотами PCI. В нем можно установить два 3,5-дюймовых диска.


А также скоро в продаже появятся модули HP ProLiant SL165z на базе AMD Opteron 2400 Series.

Все четыре модели оборудованы двухпортовым адаптером Gigabit Ethernet и поддерживают управление DCMI и IPMI с выключением отдельных серверных модулей шасси.

Остается только искренне пожелать всем, чтобы ваши задачи выросли до таких масштабов, что расширение парка серверов будет означать закупку еще нескольких шкафов HP ProLiant SL6000! :)"
киборг Стив Мэнн глоггинг глог киборглоггинг большой брат надеваемый компьютер eyetap вебкамера фотолог видеолог проблемы киборгов киберправо киберпан виртуальный свет Уильям Гибсон,"Похоже, на Хабре появился отчётливый интерес к Гибсону и киберпанку: то про экранизацию «Нейроманта» напишут, то про товарища из Obscura Digital, который руками в воздухе водит точь-в-точь как Киану Ривз в «Джонни Мнемонике».

А то вдруг хабранарод начнёт волноваться, почему это дизайнер Мак Фунамизу изобразил «Виртуальный свет» Гибсона в виде прозрачной рамки, а не очков. И ведь совершенно зря! Очки с обработкой картинки окружающего мира давно реализованы, а сейчас совершенствуются энтузиастом-киборгом Стивом Мэнном (Steve Mann):


Стив на протяжении нескольких десятков лет, сначала в MIT, затем — в родном Торонтском университете продвигал идеологию «надеваемого» компьютера. 

Основные направления, которыми занимался Стив
Разработка технологии EyeTap. Это те самые очки, которые перехватывают поступающее в глаз изображение, и, пропустив его через компьютер, пропускают его дальше, в глаз. Одна из моделей, готовых к массовому производству:

Технологии обработки изображения. Например, Стив имеет патент на технологию склейки нескольких видеокадров в целую картинку:

CyborGLOGGING, обратное наблюдение. Стив, как уважающий себя киборг, разрабатывает и внедряет киборг-идеологию. Киборглоггинг, или, попросту глоггинг, это непрерывное выкладывание видеороликов и фотографий, снятых «надеваемыми» камерами. Стив даже создал сервис для глоггеров, на котором и сам ведёт свой глог. Обратное наблюдение — это когда вместо всевидящего ока Большого Брата запись ведёт носимое устройство обычного гражданина, как правило, «надеваемое»:
      
Подобное наблюдение, естественно, инициируется не государственными службами ради скрытого контроля над гражданами, а наборот — активистами движения, ради публичного использования в дневниках, вся записываемая информация максимально открыта. Именно таким Мэнн видит идеальное наблюдение: т. к. информация не секретна, никаких подковёрных игр и коррупции быть не может, если чьи-то права нарушены — это увидят все. Если же сама запись вторгается в чью-то частную жизнь — не вопрос, т. к. всё максимально открыто, информацию можно тут же удалить.


Проблемы киборгаТеперь самое интересное: Стив Мэнн — ярый идеолог и активист своих изобретений и концепций. Поэтому последние три десятка лет он носит на себе груду железа. Этот коллаж облетел почти все интернет-издания, как видите, вплоть до середины 90х Стиву приходилось нелегко (в прямом смысле):



Ещё один очень интересный факт из жизни Стива: 18 февраля 2002 года Стива задержала служба безопасности аэропорта Сент-Джонс, Канада. До того момента Стив беспрепятственно летал по всему миру, службы безопасности устраивал его пакет документов на оборудование (в который входила и справку от личного врача о том, что Стив ведёт эксперимент, и ходить без спец-оборудования ему не рекомендуется). «Нью-Йорк Таймс» пишет: при личном досмотре служащие раскидали устройства по всему полу (потом изобретателю забыли вернуть часть оборудования на почти 57 тысяч долларов), со Стива содрали электроды, что вызвало кровотечение. После того, как электроника была выведена из строя, Стив потерял ориентацию в пространстве (несколько раз падал, один раз ударился головой об висящий огнетушитель), на посадку его доставили в кресле-каталке.

На Slashdot-е я нашёл интересное обсуждение происшествия. Отписалось несколько бывших и настоящих студентов Стива. Они утверждают, что журналисты всё сильно преувеличили, студенты лично видели, как Стив иногда снимает свои очки и нормально передвигается, что оборудование изобретателя не содержит ни биометрических датчиков, ни тем более имплантантов. Один из MIT-овских студентов Стива высказал предположение, что если долго смотреть на двумерную картинку мира (сквозь экраны очков), дезориентация наступит обязательно. Кто-то предположил, что Стив просто был очень расстроен происшедшим. В любом случае, все признали, что это очень показательный случай из серии «что будет, если лишить человека геджетов, которые помогают ему жить».

Несколько фотографийПриведу несколько иллюстраций, позволяющих погрузиться в атмосферу того, что делает Стив. Вот групповая фотография киборгов-студентов MIT, принимающих участие в раннем проекте Стива по сканированию окрестностей института:


Концепт-фантазия «PleaseWait: я не разговариваю с незнакомцами». «Вставьте паспорт в считыватель на моей голове и только тогда я увижу и услышу вас. Если вы хотите показать мне рекламу, оплатите моё внимание. Нажмите «3» и вставьте кредитную карту»:


Носимая камера в рюкзаке:


Носимая камера на сись в лифчике:


Одно из применений технологии Eyetap, проект «Adissolve» (буквально — «растворение рекламы»), на иллюстрации система распознаёт рекламу в журнале и заменяет её фотографией, подгруженной из арт-галереи:


Дочь изобретателя, Кристина Мэнн, запечатлённая при помощи очков Eyetap через несколько минут после рождения:


Новое увлечениеСейчас Стив увлёкся музыкальными гидроинструментами, однако он по прежнему не расстаётся со своими очками:


СсылкиСоветую продолжить знакомство с темой по следующим ссылкам:

сайт лаборатории «Eyetap»,
сайт Стива Мэнна,
блог «info gargoyle», посвящённый киборгам и одеваемым компьютерам,
публикацию «Continuous Lifelong Capture of Personal Experience with EyeTap»,
публикацию «Equiveillance: The equilibrium between Sur-veillance and Sous-veillance»
"
ACDC Alice Cooper Def Leppard Elvis Presley Iron Maiden Queen Scorpions Survivor The Offspring Velvet revolver ZZ Top  рок ластфм гугл друзья,"Здравствуйте и не болейте, дорогие хабравчане! =)) Погода сейчас в Москве отвратительная: холодно, на градуснике 13 по Цельсию, по ощущениям что-то около 7-8, солнца нет, ветер северный, разве что дождя нет. И в эту погоду дядюшка Сокки собрался и наконец-то осуществил свой коварный план. :) На самом же деле места на листке не осталось)) На каком листке — поймёте далее.

С месяц назад я занимался поиском какой-нибудь радиостанции, где игралась бы только та музыка, которая находит в моей душе и в моём сердце наибольший отклик. И набрёл на the Rock radio, на котором проигрывание музыки в высоком качестве стоит денюжку (Backstage Pass for only $4.99/month), а в низком — бесплатно, то есть даром. Недолго думая я засунул аудиопоток в мой любимый Rhythmbox в раздел радиостанций и с тех пор я не помню, чтобы выключал колонки и из них не доносились звуки песен Metallica, AC/DC, ZZ Top, Iron Maden, Alice Cooper, Queen, Aerosmith, Kiss и других.

Но статья не о том, насколько всё это круто (а это действительно круто!), а о моей первой рок-сборке. Услышав композицию, что пронизывала меня с головы до ног, я обращался к листочку и записывал группу и песню.


Рис.1. Лучшие из лучших =))

Дальше дело было за малым: найти всё это разнообразие. Нашлось всё, за исключением Jingle «Money». Тогда я обратился к твиттерянам и моим друзьям. Спасибо огромнешое выражаю следующим людям, которые потратили своё время на помощь мне в поиске:

vfaronov,
Васёк Кузьминов,
Санёк Тимохин,
Damirock,
Санёк Артамонов,
andrejs.


Рис.2. Мозговой штурм

Где наша славная семёрка не искала: гуглили в яндексе =)), на ласт.fm, в торрентах, в mp3-сайтах-бесплатной-раздачи, на сайте the Rock radio… Я даже готов был, да и сейчас тоже готов, заплатить малую мзду в размере $1 (!!!) за эту песенку)) Но потом мы сошлись во мнении, что группа малопопулярна не только у нас, в России, не только в Европе, но и в самой Америке. Так что дело — труба.

Ну а вот, собственно, альбомчик Rock #1:


Рис.3 Кровавая гитара (просто в тему) =))

01 ACDC — The razors edge
02 Alice Cooper — Billion dollar babies
03 Def Leppard — Cmon Cmon
04 Elvis Presley — Jailhouse rock
05 Iron Maiden — Fear Of The Dark
06 Queen — Bohemian rhapsody
07 Queen — Death on two legs dedicated to…
08 Scorpions — Still loving you
09 Survivor — Eye of a tiger rocky balboa
10 The Offspring — I wanna be sedated
11 Velvet revolver — Dirty little thing
12 ZZ Top — La grange

Мой блог"
телефон старое железо сотовая связь сотовые операторы сотовый телефон аналоговость история nokia nokia  россия лихие девяностые постапокалипсис музей музей ит музей компьютерной истории,"Неубиваемый «ядерный чемоданчик».
Легенда «лихих девяностых». 
Практически тот самый «чемодан с трубой», аутентичнее его только аппараты транкинговой связи и блоки «РусАлтая».
Ранее стоял в автомобиле какого-то крутого дядьки, благодаря его бережному обращению, аппарат в очень хорошем состоянии. Трудно найти реквизит лучше для фильмов про ядерные ракеты, шпионов и спутниковую связь с президентом. 

Под катом несколько фотографий и рассказ об этом телефоне.





Аналоговый мобильный телефон, точнее «портативная абонентская радиостанция стандарта NMT-450». Использовался в сети оператора МСС («Московская Сотовая Связь»), что был широко известен в рекламе «Федеральная сеть СОТЕЛ».
SIM-карт нет, номер жёстко программируется в сети. SMS не поддерживается. Вообще. Голосовая почта средствами оператора работала «на ура». «Телефонная книга» представляет собой память на несколько номеров быстрого набора без поиска и привычной навигации.

Отличное качество приёма обеспечивалось передатчиком мощностью 7Вт (сравните с мощностью аппаратов GSM, редко дотягивающей до одного ватта). Уверенная работа на максимальном расстоянии от базовой станции и непревзойдённое время автономной работы от бортовых батарей — NiMH-аккумулятор ёмкостью 1700mAh и весом более 500 грамм выжимал до 7 дней. Этот аппарат призван обеспечивать связь в любых обстоятельствах, и ему это удавалось всегда.



Зарядка подключается напрямую к аккумулятору, но можно и к телефону — у него предусмотрен вход внешнего питания для подключения к бортовой сети автомобиля или другому источнику.



Адаптер проводной телефонной линии позволял этому аппарату эмулировать АТС и звонить через него хоть модемом, хоть факсом, хоть обычным проводным телефоном. Далёкая лесистая местность, пень, на нём обычный телефонный аппарат с трубкой, провод от которого идёт к разъёму линии на спрятанном Nokia 720. Снимаем трубку. Спустя секунду слышится столь привычный гудок. Можно набирать номер.

Говорят, что сейчас уже не осталось действующих сетей этого стандарта — аналоговый протокол NMT-450 тихо умер даже в регионах России. Нет уже ни той дальности, ни той автономности, ни той мощности. Не найти больше той тайны, загадки, престижа, который дарил своему владельцу этот аппарат. Качество было легендой. Настоящий Made In Finland. 

Прошлое безвозвратно ушло, но этот аппарат будет жить. Он видел и не такое. Это один из тех аппаратов, с которых начиналась сотовая связь как явление. Один из лучших аппаратов. Не его беда, что тот стандарт больше не поддерживается, а все преемники не унаследовали его лучших качеств. Они по-прежнему останутся в цене.

UPD.
Кто подскажет, сохранились ли в каком регионе сети NMT-450? 
Задавали этот вопрос на netmonitor'e, вроде бы там ребята ездили куда-то якобы ловить, но отчёта о той поездке так и не увидел.

UPD2.
Снаряжённая масса с батареей — 1500 грамм. Дно аппарата представляет собой ребристый металлический радиатор.

Год выпуска — 1996."
ie microsoft browser web development web design firefox internet explorer  opera safari javascript java script html-верстка css css compatibility ajax facebook mobile me apple,"IE6 (Microsoft Internet Explorer 6) был выпущен в 2001 году. Если посмотреть на дату этого поста, то сегодня 2008 год. Различные статистические данные показывают, что около 20% пользователей интернета сегодня продолжают использовать IE6. Стоит так же отметить, что доля IE6 стремительно уменьшается с начала 2008 года. 

IE6 не поддерживает стандарты, не обеспечивает должную безопасность, содержит огромное количество ошибок. Для совместимости сайтов с IE6 необходимо проводить отдельную и трудоемкую работу по отслеживанию ошибок самого IE6. Более того, с 2001 года Интернет не стоял на месте, а стремительно развивался в сторону так называемого Web 2.0, и использование всех последних технологий не представляется возможным в IE6. Например, использование сложных сценариев на JavaScript.

Многие Интернет-сервисы официально прекратили поддержку IE6, среди которых Facebook и MobileMe от Apple. 

Таким образом на сегодняшний день мы имеем проблему: с одной стороны 20% пользователей Интернета используют IE6, а с другой — не все сайты возможно сделать совместимым с IE6 по причине отсталости самого браузера. 

Почему пользователи не обновляют давно устаревший браузер? Если почитать форумы, то можно отметить одну тенденцию. IE6 является корпоративным стандартом для некоторых компаний, и под него создано корпоративное программное обеспечение, которое только с ним совместимо. Это является причиной того, что на корпоративных компьютерах не производится обновление на новую версию IE, а установка сторонних программ-браузеров, например Firefox, Opera или Safari, запрещена политикой безопасности.

(Если не говорить только о корпоративных компьютерах, стоит отметить, что Windows Update по умолчанию включен в Windows XP и браузер IE6 автоматически обновляется на IE 7 без проблем.) 

Таким образом мы выяснили, что IE6 в настоящее время является уникальным в своем роде браузером, для которого требуется написание специального кода, чтобы сайт оказался с ним совместимым. 

Полагаю, что по этой причине разработка сайта, совместимого с IE6 может является отдельным пунктом технического задания на разработку сайта. Если есть задача создать современный сайт совместимый с IE6 — это задача на разработку двух сайтов. Первый совместим со всеми последними браузерами, а второй, возможно, содержит несколько сокращенные возможности, но совместим с устаревшим IE6.

Одним из вариантов решения проблемы использования IE6 может быть определение версии браузера и показ предупреждающего сообщения о том, что «сайт может работать и выглядеть не так как ожидается потому, что вы используете устаревшую версию браузера», и предложение обновить любимый браузер до актуальной версии. Примерно таким образом поступили вышеупомянутые в статье интернет-сервисы.

UPD: Microsoft создала сайт со статистикой использования IE6"
социальные сети Одноклассникиru Одноклассникиkmru КакЗдорово ЧтоВсеМыЗдесьСегодняСобралисьру доменные имена много букв Книга рекордов Гиннеса самые длинные теги на Хабре Длина одного тега не может превышать  символов,"Социальная сеть компании «КМ Онлайн» обрела свое очередное воплощение. Та самая сеть, которая долгое время неплохо себя чувствовала под названием Classmates.km.ru (как все копируя название сайта-прародителя Classmates.com), а потом недолго и бесславно пожившая под прозвищем Odnoklassniki.km.ru (проиграв судебный спор об интеллектуальной собственности Одноклассникам.ru), теперь получила имя, которое может быть признано самым длинным доменным именем в рунете — КакЗдоровоЧтоВсеМыЗдесьСегодняСобрались.ру. Это достижение «КМ Онлайн» хочет внести в «Книгу рекордов Гиннеса».

Креативность создателей КЗЧВМЗСС.ру ставит в тупик своими масштабами и по-настоящему заставляет задуматься. Чего стоят только эти слова из пресс-релиза: «Название сети – строка из песни Олега Митяева. Первоначально планировалось процитировать в адресной строке куплет песни полностью. Но, чтобы не слишком утомлять пользователя, создатели сайта остановились на самых популярных словах». Черт побери, а ведь люди с такой энергией и правда смогли бы обойти техническое ограничение на длину доменного имени в 63 символа ASCII!

Надо заметить, что в сети уже сейчас есть около 3,2 млн. пользователей, переживших (или переживающих) с ней лихолетье активного продвижения в рунете. Что в общем немало, если учесть, что сами они вряд ли сейчас с уверенностью вспомнят, как называется это их пристанище.

Ну и напоследок. «В отличие от конкурентов социальная сеть КакЗдоровоЧтоВсеМыЗдесьСегодняСобрались.ру будет предоставлять только бесплатные услуги. Удобный поиск друзей по интересам, месту учебы, работы, индивидуальные информеры, удобные блог-сервис, статус «невидимки» и многое другое. Большинство этих сервисов в конкурентных социальных сетях отсутствует.» Конкурентами в том же тексте прямо называются «Вконтакте» и «Одноклассники.ru». Остается только развести руками."
iPhone iPhone G The Korea Times KT LentaRu мобильный WiMAX WiMAX Ёта Йота Yota Scartel Скартел G видеочат OLED OLED display Cortex Cortex-A ARM-процессоры RFID,"Издание «The Korea Times» вчера поведало, что корейский оператор сотовой связи, называемый KT, планирует на апрель начало продаж нового поколения мобильников iPhone, которые на сей раз будут снабжаться двухъядерными процессорами, и мощными графическими сопроцессорами (для обработки видео и фотографий), и экранами на органических светоиспускающих диодах (OLED), и поддерживать живые видеочаты.

Сайт «AppleInsider» публикует очередную утечку от внутренних источников компании Apple: новые устройства будут комплектоваться ARM-процессорами дизайна Cortex-A9, способными преодолевать двухгигагерцовый предел частоты. Также предполагается внедрение технологии RFID, обеспечивающей бесконтакную аутентификацию.

Эти новости пересказаны на сайте Lenta.Ru. А в LJ-сообществе yota_ru cейчас обсуждают, окажется ли мобильный WiMAX (в частности, Ёта) в числе технологий 4G, поддерживаемых новым iPhone. Там же приводится картинка, привлекающая внимание:



Более всего интерен список новых фич, на ней приводящийся справа. В частности, указанная на иллюстрации версия операционной системы вызывает немалые сомнения в соответствии этого концепта объективной реальности.

Если судить по её адресу, то эта картинка — из декабрьской части вон того бразильского блога, однако, не обладая знаниями бразильского, я не могу отыскать там соответствующую ей блогозапись.

Ближайшая дата проверки корейских и бразильских новостей — 27 января; именно тогда (если веровать «AppleInsider») компания Apple собирается представить вниманию общественности новый iPhone 4.0 SDK. Некоторые разработчики ещё в декабре прошлого года вроде бы получали от Apple совет подготовить свои приложения к запуску на экране, который будет превосходить размеры 320×480."
открытое письмо открытое письмо Президенту Президент России Медведев Госстандарт Ростехрегулирование ГОСТ регламенты Гражданский кодекс ГК РФ ГК  Государственная Дума Совет Государственной Думы гражданское общество гражданская сознательность,"В LiveJournal есть блог bablaw, автор которого также называет себя псевдонимом Hacker in Law. Это один из наиболее цитируемых на Хабрахабре блоггеров LiveJournal; да я и сам ссылался на него вчера ещё.

И вот вчера же этот блоггер выложил открытое письмо, адресованное Президенту Медведеву. Должен заметить, что как всякое такое письмо, которое написано от юриста к юристу, оно изобилует юридической лексикою; быть может, для читателей Хабрахабра много понятнее окажется пересказ сути дела, составленный Нестеровичем.

Что же мы видим по сути? — нам предстаёт попытка Ростехрегулирования (бывшего Госстандарта) перевести государственные технические регламенты из области общественного достояния в область интеллектуальной собственности отдельных организаций (быть может, даже и зарубежных). Не просто похериваются те средства налогоплательщиков, на которые существовали создатели ГОСТов и за которые в общественную собственность оказывается передан жирный шиш; более того, теперь простым людям начинает угрожать новая опасность, например, жить в таких домах и летать в таких самолётах, которые выстроены по устаревшим «пиратским» копиям стандартов и регламентов, а не то и с пренебрежением к оным.

Попытка такая не новá; однако же в прошлый раз (как указывает Нестерович) госстандартизаторы проиграли дело, когда на них подали в суд представители питерской некоммерческой организации (Института Развития Свободы Информации). Тем не менее судебное решение о свободной публикации ГОСТов в Интернете не исполнено, а директор ИРСИ даже подвергся нападению неизвестных лиц у собственного подъезда, закончившемуся травмою головы. Теперь предпринимается новая попытка прихватизации стандартов, совершающаяся под эгидою лично Президента Медведева.

Четвёртую часть Гражданского Кодекса много и заслуженно ругали, но всё же в нём была статья 1259, согласно которой официальные документы государственных органов, официальные документы международных организаций, а также их официальные переводы не являются объектами авторских прав (и, следовательно, не могут быть таким предметом лицензионных договоров с иностранными правообладателями, каким делает их новый законопроект). Теперь же мало того, что некоторая часть законодательства окажется, в результате всего этого, доступною гражданам только за деньги; по-видимому, откроется дорога для увеличения этой части. А ведь передача текста законов в загребущие лапы правоторговцев (особенно международных) должна быть такой же запретною, что и акционирование министерства финансов или антинаркослужбы, например.

События развёртываются очень быстро: законопроект о прихватизации ГОСТов успел пройти первое чтение в Государственной Думе, а вчера вечером (в авральном режиме, после окончания рабочего дня) был Комитетом Государственной Думы по экономической политике и предпринимательству рекомендован к представлению в Совет Государственной Думы. Сегодня Совет Думы примет решение рекомендовать этот законопроект к принятию, а завтра (23 декабря) проголосует его во втором и третьем чтении сразу большинством голосов. Это лишний раз доказывает, как деятельно, как послушно, как оперативно Дума служит законодательным штампом воли Президента.

Открытое письмо, таким образом, призывает именно Медведева пересмотреть своё решение и дать укорот правоторговцам. Неравнодушные граждане поместили ужé во блог к Медведеву упоминание об открытом письме; полагаю, что небезынтересно вывести эту историю и на заглавную страницу Хабрахабра.

Вот гласная борьба за свои права, вот подлинно гражданское общество."
google google россия google developer day developer day gwt google api google app engine google wave google chrome android google android google maps api ajax api,"Алексей Шелестенко, маркетинг Google Россия

Спешим сообщить вам, что мы начинаем принимать заявки на участие в ежегодной конференции для веб-разработчиков «Google Developer Day», которая пройдёт 10 ноября в Москве. В прошлом году более 400 веб-разработчиков посетили эту конференцию, на которой они прослушали 12 выступлений и поучаствовали в 6 практических семинарах, посвящённых различным продуктам Google для веб-разработчиков. В этом году мы планируем подробно осветить Android, App Engine, Google Wave, Chrome, GWT, AJAX API и многое другое.

На конференцию приедут наши команды инженеров, работающие над сервисами для веб-разработчиков и API, и вы сможете пообщаться с ними напрямую. Мы проведём несколько углублённых сессий с техническим уклоном, направленных на то, чтобы помочь разработчикам писать хорошие рабочие приложения на технологиях от Google и на открытых технологиях. Те, кто работает над созданием деловых приложений, тоже смогут найти себе что-то полезное в улучшенной и расширенной программе нашей конференции. И, конечно же, у разработчиков будет много возможностей познакомиться друг с другом и обсудить последние мобильные и веб-технологии во время «часов открытых дверей» и неформального общения по завершении конференции.

Мы прилагаем все усилия к тому, чтобы конференция была насыщенной, полезной и интересной! Чтобы узнать о конференции побольше и подать заявку на участие, заходите на сайт конференции.

Ждём вас на Google Developer Day!

"
фотобанки подборка apple bbk dell sony panasonic siemens toshiba fujitsu lenovo toyota lexus scion nokia sony ericsson blackberry sun microsoft GM opel chevrolet hammer saab cadillac canon nikon,"Многие известные (и не очень) компании открывают свободный доступ у себя на сайте не только к пресс-релизам, но и к галереи фотографий своей продукции в высоком разрешении, печатным материалам, рекламным постерам и прочим графическим вкусняшкам. У меня накопилось несколько ссылок на такие хранилища, и я решил сделать эту подборку, наверняка кому-нибудь пригодится, заодно кто-то может еще поделится ссылками, так как у меня ссылки на галереи только некоторых эээм… IT-компаний.


Ссылка на фотобанк Samsung у меня появилась первой, поэтому с неё и начну. Её мне когда-то скинули сами представители компании, когда я для них разрабатывал небольшой буклет.


Фотобанк Samsung содержит коллекцию высококачественных изображений продуктов компании Samsung Electronics, элементы корпоративного стиля, а также фотографии, сделанные в галерее (что-то вроде выставочного центра) Samsung.



Фотографии и пресс-релизы продукции Apple.
Перед тем как скачать изображение вам дадут почитать Image Use Agreement (Соглашение об использовании изображений):В соответствии с условиями Соглашения, Вы можете использовать Изображение только для редакционных целей специалистами-аналитиками в области журналистики и/или данной отрасли. Данное право использования принадлежит лично Вам и не может быть передано другой стороне. Изображение не может быть использовано для рекламы или продажи любых продуктов или технологий (включая рекламные изображения, буклеты, книжные обложки, фотографии продуктов, футболки и другую рекламную продукцию). Вы не имеете права изменять или модифицировать Изображение, полностью или частично, в любых целях.+ Кое-что по-русски



Фотобанк и рекламные материалы от BBK



Всё до кучи по продукции Sony
+ Sony Ericsson



Фотобанк, реклама, новости, пресс-релизы Panasonic.
Не всегда работает, иногда работает, но не отдает картинки и часто меняется содержимое. Раньше был большой фотобанк на украинском сайте, но теперь там «404», а домен редиректит на panasonic.ru
Есть еще http://panasonic.multiad.com/, но там необходимо регистрироваться.


 ^ 
Фотоматериалы по подразделению Gigaset компании Siemens и фотоматериалы для прессы от Siemens.
Вообще у Сименса очень много подразделений и различных корпоративных сайтов этих подразделений, и на каждом (ну или почти на каждом) из них что-то есть. В общем если кому понадобится — отправная точка для поисков имеется :)



Большие жипеги от Toshiba



Банк изображений продукции DELL



Fujitsu



Компьютеры Lenovo.
Есть еще русский сайт с фотографиями продукции Lenovo, но на момент написания статьи он был недоступен.


У меня пока всё. Если у кого есть чем еще поделиться в том же духе — выкладывайте ссылку в коммент, а я буду апдейтить пост по мере их поступления. Тематика, я думаю, не обязательно должна быть в сфере IT, главное чтобы это был официальный фотобанк компании.


Updates:

Знакомый в gTalk подкинул ссылку на Toyota USA Newsroom — очень много фото, видео и других материалов для прессы по Toyota, Lexus и Scion



(#): wazd → Медиа-ресурсы Nokia



(#): avr → Потрясающий по объему и качеству фотобанк Volvo Trucks



(#): marselkhaidarov → BlackBerry



(#): pepelac → Отличнейшая галерея продуктов, событий, людей от Sun



(#): auren → Microsoft PressPass в том числе раздел Resources → Image Gallery



(#): kela → Щикарнейшая подборка ссылок на подразделения General Motors GM Media Online:
GM Media Online Opel International
GM Media Online Chevrolet Europe
GM Media Online Saab International
GM Media Online Hummer US
GM Media Online Cadillac Europe


По просьбе mix2000 отыскал хранилища пресс-материалов Nikon и Canon:


+ Раздел «Полезная информация» на русском сайте
+ Рекламные материалы Canon U.S.A
+ Imagelibrary http://www.canon.co.uk/


Last update:
Из поста в песочнице:
Галерея продуктов Philips
Материалы для прессы от Adobe
Пресс-сайт AMD
Intel
Logitech
D-Link (на странице выбора региона щелкайте по United States)
Epson
Casio Exilim

Прислали на почту:
http://imagebank.scania.com/
Scania — производитель пассажирских автобусов, тягачей и другой тяжелой авто техники.
В банке есть каталогизатор, и при помощи него можно найти от красивых фото автобусов/тягачей на трассах до изображений двигателей и документального ЧБ-фото времен основания компании."
The Capture API WC фотосъёмка видеозапись звукозапись Google Nokia безопасность сайтов приватность внешняя разведка Facebook Street View StreetView цифровая толпа наблюдение история перемещений распознавание лиц распределённое сетевое зрение Манеки-неко,"На сайте W3C лежит черновик «The Capture API» — он описывает джаваскриптовый интерфейс, при помощи которого сайт может получить доступ к видеокамере и микрофону на компьютере у посетителя сайта, может вести фотосъёмку, видеосъёмку, звукозапись. Этот черновик обобщает идеи аналогичных проприетарных API (Google и Nokia, в частности).

И меня наводит на мрачные мысли знание о том, что раздел «Соображения безопасности и приватности» в этом документе говорит только о том, что сайт не должен иметь возможность проведения фотосъёмки, видеосъёмки и звукозаписи без согласия посетителя (то есть владельца клиентского компьютера или мобильника).

А как насчёт приватности других людей? Помните июльский скандал с английским шефом внешней разведки, который оказался в Facebook разоблачённым собственной женою буквально до трусов, хотя сам он в Facebook вообще никогда не регистрировался? Сейчас, когда сайты готовятся видеть чужими глазами фотовидеокамер, весь мир может оказаться открыт их взору.

Вообразите себе такой сайт, посещение которого позволяет посетителю беспрерывно передавать на этот сайт кадры живого видео, поступающие с фотовидеокамеры собственного мобильника (геопривязанные по GPS, наклонённые по акселерометру, повёрнутые по азимуту цифрового компаса), и одновременно наблюдать любую точку земного шара глазами таких же цифровых наблюдателей. Нечто вроде Google Street View, но в реальном времени. Просто поворачивая мобильник в разные стороны, стоя в одной точке земного шара (например, в Уфе), вы сможете по своему выбору озирать «сквозь» его экран (как через окошко) панораму любой другой точки Земли — какого-нибудь Нью-Йорка, Сан-Франциско или Рио-де-Жанейро — лишь бы там набралось достаточное количество прохожих с такими же мобильниками, через которые смотрит в мир тот же сайт. А в это время электронный «глаз» вашего мобильника точно так же обозревает и сохраняет на сайте панораму той точки, на которой вы стоите.

Захватывающее, небывалое впечатление, не правда ли?

А теперь вообразите себя простым человеком в плотной цифровой толпе.*  Вы находитесь под беспрерывным наблюдением десятков электронных глаз, предоставленных анонимными добровольцами. Любая система распознавания лиц и личностей, подключённая к такому сайту, позволит без труда отследить или восстановить всю историю ваших перемещений по городу точно так же, как разветвлённая интернетовская система баннеров отслеживает ваше перемещение по всем её сайтам. Ваша ревнивая психованная воздыхательница узнаёт, какие цветы вы покупали жене, а ваша медицинская страховая компания узнаёт, как часто вы покашливали, прогуливаясь по морозу.

Но в реальном мире нет никакого Adblock Plus. Цифровую толпу не так просто заблокировать, как баннерную рекламу.

У Брюса Стерлинга есть история «Манеки-неко»; она примерно о том же. В комментариях подсказывают, что и у Винджа было нечто подобное в его творчестве. Но одно дело — фантастика, а другое дело — черновик API. Черновик API готовится стать реальностью.

___________

* Эта блогозапись вводит новый мицголизм «цифровая толпа» в узком значении «толпа таких людей в реальном мире, цифровые фотовидеокамеры которых используются в системе распределённого сетевого зрения». Может в дальнейшем обобщаться до значения «толпа таких людей в реальном мире, поведение и ресурсы которых используются для целей и нужд сетевого сайта»."
application support CSS default chrome documents and settings Firefox Internet internet explorer linux Mac OS mac os x mozilla firefox userContent x library Браузеры ЖЖ МакОСь Огнелис Реклама Честность,"Если убирать рекламу, вставляя код в стиль самого ЖЖ, это, во-первых, наверняка будет скоро ликвидировано СУПом, а во-вторых, это противоречит пресловутым Условиям использования.

Благо, современные браузеры дают возможность резать рекламу на стороне пользователя.

Вставляем в текстовый документ вот этот код.

div.adv {display: none;}
div.ljad {display: none;}
div.ljadleaderboard-bottom {display: none;}
div.ljadleaderboard {display: none;}
div.ljadwrapper-journal-after-post-c {display: none;}
div.ljadwrapper-app-home {display: none;}
div.ljadmedrect {display: none;}

Сохраняем как userContent.css.

Для Mozilla Firefox:
Файл сохранить в:
Linux: ~/.mozilla/firefox/НАБОР_СЛУАЙНЫХ_СИМВОЛОВ.ИМЯ_ПРОФИЛЯ(по-умолчанию, «default»)/chrome
XP: C:\Documents and Settings\ИМЯ_ПОЛЬЗОВАТЕЛЯ\Application Data\Mozilla\Firefox\Profiles\ИМЯ_ПРОФИЛЯ\chrome
Vista: C:\Users\ИМЯ_ПОЛЬЗОВАТЕЛЯ\AppData\Roaming\Mozilla\Firefox\Profiles\ИМЯ_ПРОФИЛЯ\chrome
Mac OS X: Library > Application Support > Firefox > Profiles > ИМЯ_ПРОФИЛЯ > chrome
(если нет папки Application Data или AppData: Start > Control Panel > слева выбрать Switch to Classic View > запустить Folder Options > закладка View > отметить Show hidden files and folders в папке Hidden files and folders). Перезагрузить браузер.

Для Internet Explorer:
Файл надо сохранить в любом месте на диске, а путь к нему указать в настройках IE: меню Tools > меню Internet options > закладка General > кнопка Accessibility > в чекбоксе Format documents using my style sheet поставить галочку > в поле Style sheet вписать путь к файлу.
В русской версии: меню Сервис > меню Свойства обозревателя > закладка Общие > кнопка Оформление > в чекбоксе Оформлять, используя стиль пользователя поставить галочку > в поле Список стилей вписать путь к файлу. Перезагрузить браузер.

Для Opera:
Файл надо сохранить в любом месте на диске, а путь к нему указать в настройках Opera: меню Tools > меню Preferences > закладка Advanced > слева выбрать Content > кнопка Style Options… > закладка Display > в поле My style sheet вписать путь к файлу > закладка Presentation Modes > отметить галочками два чекбокса My style sheet.
В русской версии: меню Инструменты > меню Настройки > закладка Дополнительно > слева выбрать Содержимое > кнопка Параметры стилей… > закладка Отобразить > в поле Моя таблица стилей вписать путь к файлу > закладка Режимы представлений > отметить галочками два чекбокса Мои таблицы стилей. Перезагрузить браузер.

Для Safari:
Файл надо сохранить в любом месте на диске, а путь к нему указать в настройках Safari: меню Edit > меню Preferences > закладка Advanced > в в выпадающем списке Style Sheet выбрать Other… > выбрать файл.
В русской версии: меню Правка > меню Настройки > закладка Дополнительно > в выпадающем списке Шаблон стиля выбрать Другое… > выбрать файл. Перезагрузить браузер.

Код должен удалить всю рекламу, включая рекламу в профиле и на начальной странице.

Оригинал статьи в ЖЖ Kukalyakina
ЖЖ юзера Moosatova, который является первоначальным автором описанного способа."
социальные сети эротические фото эротические социальные сети сайты знакомств социальные сети знакомств платные сообщения поддельные анкеты платные SMS платная регистрация бесплатная регистрация фишинг голые сиськи голые бабы платные входящие секс-знакомства,"Во второй половине 2009 года и в e-mail, и в LiveJournal я видел растекающуюся волну мутного спама, рекламирующего эротические социальные сети, обладающие следующими общими препаскуднейшими признаками:

1) Их названия были порнопеределками названий популярных социальных сетей — либо «Одноклассников» («Однолюбовники», «Одноночники», «Однотрахники», и т. д.), либо «В контакте» («В XXX-контакте», «В секс-контакте», и т. д.), имитируя их интерфейс (навроде фишинга) и располагаясь на домене, который соответствовал названию.

2) На заглавной странице демонстрировались миниатюрные фото обнажённых женщин (якобы пользовательниц), иногда со всплывающими или надписанными элементами от анкет (насколько я мог заметить, имена и анкеты к фотографиям подставлялись псевдослучайно, а город — по IP посетителя). Общее количество зарегистрированных преувеличивалось (если имитировалась возможность поиска или отдельный подсчёт зарегистрированных по городам, то можно было в небольшом городе «найти» многие десятки тысяч анкет, сколько и интернетчиц-то не наберётся).

3) Они предлагали зарегистрироваться за скромную сумму, прислав платную SMS. Во правилах, однако, мелким шрифтом (и цветом, близким к цвету фона сайта) разъяснялось, что цена указана за день, а плата берётся за месяц или за несколько месяцев вперёд, притом и таких SMS предлагали под каким-нибудь предлогом прислать несколько штук. Стало быть, реальная цена оказывалась раз в сотню больше, нежели обманная.

В общем, с ними было всё ясно.

Теперь, однако, на горизонте появляются сайты, с которыми не всё ясно. Они вроде бы ни под кого не мимикрируют фишингово, и даже не просят денег за регистрацию, а просят указать номер того мобильника, на который-де пришлют код доступа к сайту. Для примера гляньте на «RusssErotika.com» (обратите внимание на тройную «s» в домене; гиперссылки не ставлю).

В чём тогда заключается новая уловка? Уловка должна быть, потому что и ежу понятно: код регистрации многократно дешевле рассылать пользователям по e-mail, а не по SMS.

Они что, под код доступа маскируют подтверждение подписки на платные входящие SMS? Или собирают номера мобильников для перепродажи спамерам? Или просто после бесплатной регистрации следует неимоверно платное всё остальное, как в гостинице «Экономическая» из бессмертной сказки-сатиры Носова про Незнайку на Луне?

Кто знает?"
php jetbrains IDE web ide web webide editor phpdoc completion debugger xdebug редактор среда разработки разработка отладка отладка кода автодополнение type hinting type inference выведение типов phpunit unit testing testing FTP remote SASS Smarty,"В этой сборке вас ждут:

Новое имя. Два варианта Web IDE получили свои официальные названия: JetBrains WebStorm и JetBrains PhpStorm. Брендинг еще не закончен так что вы увидите знакомые белые сплэши и иконки WI в самых разных местах. Цель разработки остается прежней — идеальный инструмент для PHP/JS разработчиков и веб-дизайнеров.

Полностью настраиваемый PHP formatter – эта фича получила наибольшее количество голосов в трекере.  Наша платформа поддерживает импорт, экспорт и шаринг профилей — так что вам будет удобно переключаться между проектами с разным стилем форматирования. Кроме того можно автоматически форматировать код в момент чекина.



Отладчик PHP с оптимизированным использованием памяти и корректной работой с симлинками (а значит меньше неработающих точек останова).

Редактор PHP с улучшенным выведением типов для полей, массивов объектов и логических выражений, посказкой параметров и работающим редактированием HEREDOC.

Удаленная разработка с автоматической синхронизацией файлов — достаточно переключиться в окно браузера чтобы увидеть ваши изменения на сервере (опция «Save files on frame deactivation» должна быть включена). Переименование и перемещение файлов и папок полностью поддерживается. 

Поддержка Smarty теперь охватывает весь синтаксис ветки 2.х. Работы над полной поддержкой ветки 3.х уже ведутся. 

Поддержка SASS Syntactically Awesome Style Sheets — замечательного способа создания CSS.

Пользователи Linux будут рады менее агрессивному сплешскрину, возможности нормальной работы с несколькими проектами и поддержке вставки из буфера обмена во всех диалогах.

UPD: Поддержка ZenCoding В разаработке. Аббревиатуры срабатывают по нажатию Tab в CSS & HTML

Известные проблемы:

Предпросмотр форматирования не работает
Плагин IntelliLang / настройки Language Injection отсутствуют
Smarty compiler plugins (custom tags) are not supported
(S)FTP sync может не работать сразу после переоткрытия проекта.


Официальный анонс и закачка.

Жду ваших отзывов и предложений и — как гласит наш слоган — 
Приятной разработки!"
php jetbrains IDE web ide web webide editor phpdoc completion debugger xdebug редактор среда разработки разработка отладка отладка кода автодополнение type hinting type inference выведение типов phpunit unit testing testing FTP remote ZendCon language injection,"И снова «идеальное IDE для PHP» от JetBrains ^) За прошедшее с предыдущей сборки время мы успели обзавестись официальным сайтом, посетить ZendCon'09 и наконец заняться обещанной оптимизацией производительности. Нашлось время и на несколько новых фич. Пока качается билд загляните под кат — кроме обычных подробностей там будет пара слов о ZendCon и о уникальных функциях платформы/WI.




ZendCon'09
Перед конференцией были туториалы — для меня стала открытием сессия PHP on IBM I5. IBM объединила усилия с Zend для того чтобы принести PHP на мейнфреймы. Если оставить в стороне экосистему i5, то для всех остальных это тоже может иметь значительные последствия, особенно если IBM поможет развивать ядро языка. В 5.3 уже появились кое-какие оптимизации но судя по прочим более «взрослым» технологиям основная работа еще впереди.
 
Кейноут (да и большинство сессий) были очень бодрыйми и оптимистичными — в этом году вышел PHP 5.3, появилась новая ZendStudio (а специально к конференции выпустили и 7.1), продолжается совершенствование всего стека и инструментария Zend, в общем и язык и платформа и сообщество движется вперед :) 

Во время ланчей и пока основной народ был на сессиях мы довольно много общались сотрудниками Zend — и даже впечатлили кое-кого из разработчиков ZendStudio нашими технологиями. В свою очередь нам было интересно послушать о том как они занимаются развитием платформы Eclipse и помогают координировать усилия Eclipse Foundation. Все-таки JetBrains это довольно небольшая компания :) Из инженерых вещей было интересно послушать об работе над языковым ядром, а так же автоматическим профилированием (особенно с точки зрения java-web-разработчика с серьезным стажем)

Что нового в этой сборке
Под впечатлением от разговоров с пользователями на ZendCon мы занялись оптимизацией. В качестве «стресс-тестов» мы использовали таких тяжеловесов как ShugarCRM и Magento (хотели попробовать и Битрикс но не нашли версии с открытыми исходными кодами). Буквально первые сеансы профилирования показали что выведение типов производило слишком много «мусора» в памяти, да и могло приводить к зацикливанию (и зависанию) — теперь эти проблемы исправлены. Хочется сразу сказать что это лишь начальная оптимизация и мы планируем серьезно заниматься этим дальше. *Очень* хочется услышать отзывы всех кто проапгрейдился. Если у вас есть конкретные проблемы — пишите любым способом. Я лично обрабатываю весь фидбек.

Новые фичи:

улучшена генерация PHPDOC
навигация/поиск использований для глобальных переменных
распознавание членов класса на основании имени для тех случаев когда выведение типа не возможно
поддержка SFTP
автодополнение после ключевого слова new
пространства имен отображаются в дереве структуры файла
квикфикс (Alt-Enter) для определения неизвестных переменных с помощью  var

Множество багфиксов, детали в блоге и трекере

К сожалению есть и известные проблемы

Наиболее серьезная — деградация: многострочные литералы в этой сборке неверно подсвечиваются как содержащие ошибку WI-494
Несколько деклараций namespace XXX; (именно с "";"") в одном файле будут ошибочно распознаны как вложенные WI-497
переименование переменной удаляет знак $ из имени WI-500

Постараемся выпустить обновление поскорее. Ждите багфиксов, оптимизации и конечно новых фич :)

Кое что о неочевидных возможностях WI
Релиз приближается и мы начали собирать всю информацию о функциях WebIDE в одном месте. Даже если вы уже освоились с редактором рекомендую хотя бы просмотреть список. А здесь расскажу о паре весьма полезных но не совсем очевидных возможностей. Итак, если в вашем проекте PHP используется для генерации XML, JS, CSS, SQL или какого-то иного языка которых поддерживается WebIDE вы можете комфортно работать с помощью следующих функций:

«Внешний» язык для PHP
Для каждого файла или папки можно выставить «внешний» по отношению к PHP язык вместо дефолтного HTML через панель Settings|Template Data Languages. Эта настройка запоминается в проектном файле.

«Внутренний» язык для строкового литерала в PHP
Внутри литерала нажмите Alt-Enter и выберите «Inject Langugage», а затем требуемый язык. Пока что НЕ запоминается. В будущем можно будет указать что *например* первый строковый параметр функции query() — это SQL (и выбрать диалект)

Для обоих случаев будет включена полная поддержка языка — включая комплишн и рефекторинг. Используя эти фичи можно получить полную поддержку любой комбинации языков %)



На этом я заканчиваю и жду любых вопросов и предложений :)"
Премия internet seo web world web awards дизайн копирайтинг музыка популярность wwa програмирование продвижение достижения реклама шоу btl награды develop awards победа Дизайн сайтов Wap PDA сайты Флеш сайты Анимация Презентации Интерфейсы Flash Flex программирование PR менеджмент,"Издревле люди соревновались за звание лучшего в той или иной области, ивсегда в этом были заинтересованы как организаторы, так и участники.В целом, есть только несколько основополагающих соревнований, которыезадают тон другим, менее масштабным, и повторяющим принципы основных. Вкаждой отрасли, в каждом виде деятельности, в каждом занятии найдетсятот человек или команда, которая делает свое дело лучше остальных.Премии Интернета на данном этапе — своеобразные соревнования, в которыхвыясняется, кто же лучше продумал связку дизайн и простота освоения,информативность и конечно же, актуальность. 

 Премия World Web Awards уже на стадии своей разработки показала, что она уникальна и масштабна, какникогда прежде. Премия, которая охватывает любую деятельность в сетиИнтернет, будь то дизайн, копирайтинг, Seo продвижение, разработкаприложений или программирование. Премия, в которой ваше имя можетпрогреметь настолько, что даже люди, далекие от Интернета и от вашегозанятия, будут говорить его как эталон качества в отрасли. Уникальностьпроведения премии заключается во всем, начиная от масштабности и охватазанятий людей, заканчивая вручением, которое будет проводиться какшоу-программа, с показом на ТВ, ротацией на радио. Естественно,победителей ожидает большая слава и успех на своем поприще, недавнорядовой человек, который выполнял несколько заказов в день, хватался залюбое занятие, после победы может стать популярным и востребованным, иуже самому отказываться от неудобных ему предложений. 

 Главноймотивацией участия в World Web Awards, конечно же будет являться повышение популярности своего имени, что одновременно значит иповышение вашей прибыли. Можно сказать, что популярность и естьосновополагающий фактор успешности деятельности в Сети. Даже если выпросто примите участие в этой уникальной, первой Интернет премииданного характера и масштаба, вы можете быть уверены, что посещаемостьвашего проекта возрастет в разы."
Концепты Asus Bookshelf PC MADE in China Prime Gaming Laptop Portable PC Theater Paper Laptop ARM Tablet HP LiM B-membrane Canvas Philco PC Horizon MacBook Touch Pocket Yoga Zafiro MAINGEAR HP Tablet and Docking Concept Cuppa Bookshelf PC,"
С одной стороны, концепты — это удивительная вещь, с другой — разочарование. Они прекрасны, потому что дают нам представление о будущем и подталкивают свою отрасль к инновациям и нестандартным решениям, но мы не состоянии приобрести их прямо сейчас, что не может не расстраивать. Единственное, что мы можем сделать, это положить деньги в банк и ждать, пока они выйдут.



Asus Bookshelf PC

Asus Bookshelf — состоящий из сменных модулей компьютер, который позволяет сделать апгрейд/даунгрейд, просто заменив или добавив нужный модуль





MADE in China

MADE in China от John'a Leung, победитель Next-Gen PC Design Competition, представляет традиционный восточный дизайн



Prime Gaming Laptop

Prime Gaming Laptop от Kyle Cherry решает проблему ограничения размеров ноутбука и портативности мощного игрового компьютера







Portable PC Theater

Корейский дизайнер Jinwoo Han создал концепт Portable PC Theater со встроенным проектором для различных развлекательных мероприятий







Paper Laptop

Paper Laptop от Je Sung Park's представляет собой концепт экологичного компьютера, созданного из переработанной бумаги





ARM tablet

ARM Tablet от Sébastien Maleville — необычная «таблетка», которая в настольном режиме позволяет вам отделить клавиатуру от монитора







HP LiM

HP LiM (Less is More) от Jeffrey S. Engelhardt представляет собой прозрачный сенсорный 19' экран и виртуальный тачпад с беспрооводной клавиатурой





B-membrane

B-membrane — НЛО-подобный компьютер с проецируемой клавиатурой и проектором в качестве монитора





Canvas

Концепт Canvas от Kyle Cherry, оснащённый встроенными digital art устройствами, предназначен для дизайнеров и художников







Philco PC

Хотя большинство компьютерных концептов направлены в будущее, Dave Schultze смотрит в противоположную сторону. Перед вами его концепт Philco PC





Horizon

Концепт настольного компьютера Horizon японского дизайнера Mac'a Funamizu обладает монитором OLED, который может сжиматься и разжиматься





MacBook Touch

MacBook Touch объединяет в себе сенсорный интерфейс IPhone/Ipod Touch и дизайн популярных ноутбуков от Apple



Pocket Yoga

Lenovo Pocket Yoga оправдывает своё название, легко помещаясь в задний карман штанов







Zafiro

Zafiro представляет собой прозрачный стеклянный монитор, использующий для управления движения рук и тела («Особое мнение»)





MAINGEAR

Концепт Nuno Teixeira MAINGEAR — это мощный игровой компьютер с улучшенным охлаждением, достигающемся благодаря необычной форме девайса





HP Tablet and Docking Concept

Концепт HP Tablet and Docking Concept представляет удобный способ размещения вашей «таблетки» на вашем рабочем столе





Cuppa

Основное предназначение Cuppa — работа с социальными сетями. Концепт оснащён RFID-датчиком, необычным дисплеем и клавиатурой с обновлённой раскладкой.





Bookshelf PC

Sunho Son и Scott Shim создали концепт Bookshelf PC, представляющий собой красивый и компактный мультемедийный развлекательный центр со сменными модулями



"
